<?xml version = '1.0' encoding = 'UTF-8'?>
<relationalModel class="oracle.dbtools.crest.model.design.relational.RelationalDesign" name="Relational_1" id="E1EA19B4-2C04-0FDA-2931-5428C01785BD" mainViewID="C38ED4A6-3F1B-2451-21D4-984659BC3D12">
<createdBy>morim</createdBy>
<createdTime>2026-01-19 18:39:34 UTC</createdTime>
<ownerDesignName>Exp2_Grupo12</ownerDesignName>
<shouldBeOpen>false</shouldBeOpen>
<selectedRDBMSSite>32076570-2523-435C-2E92-BF29817DFF70</selectedRDBMSSite>
</relationalModel>