<?xml version = '1.0' encoding = 'UTF-8'?>
<Entity class="oracle.dbtools.crest.model.design.logical.Entity" directorySegmentName="seg_0" id="76532956-858B-64AA-CD48-6CF3682DFE28" name="AVION">
<createdBy>morim</createdBy>
<createdTime>2026-01-19 18:50:22 UTC</createdTime>
<ownerDesignName>Exp2_Grupo12</ownerDesignName>
<engineerTo>
<item key="E1EA19B4-2C04-0FDA-2931-5428C01785BD" value="true"/>
</engineerTo>
<adequatelyNormalized>NO</adequatelyNormalized>
<expectedVolumes>0</expectedVolumes>
<fwdEngineeringStrategyName>Single Table</fwdEngineeringStrategyName>
<growthPercent>0</growthPercent>
<growthType>Year</growthType>
<maxVolumes>9999999</maxVolumes>
<minVolumes>0</minVolumes>
<normalForm>Third</normalForm>
<attributes itemClass="oracle.dbtools.crest.model.design.logical.Attribute">
<Attribute name="matricula_avion" id="0C922B79-8D7F-4E37-FFCA-C2F1CB0677BE">
<createdBy>morim</createdBy>
<createdTime>2026-01-19 18:50:33 UTC</createdTime>
<ownerDesignName>Exp2_Grupo12</ownerDesignName>
<engineerTo>
<item key="E1EA19B4-2C04-0FDA-2931-5428C01785BD" value="true"/>
</engineerTo>
<useDomainConstraints>false</useDomainConstraints>
<use>1</use>
<logicalDatatype>LOGDT011</logicalDatatype>
<ownDataTypeParameters>,,</ownDataTypeParameters>
</Attribute>
<Attribute name="marca" id="82208688-FFED-9A87-AC11-5CE06C9CA037">
<createdBy>morim</createdBy>
<createdTime>2026-01-19 18:52:15 UTC</createdTime>
<ownerDesignName>Exp2_Grupo12</ownerDesignName>
<engineerTo>
<item key="E1EA19B4-2C04-0FDA-2931-5428C01785BD" value="true"/>
</engineerTo>
<useDomainConstraints>false</useDomainConstraints>
<use>1</use>
<logicalDatatype>LOGDT024</logicalDatatype>
<dataTypeSize>100 CHAR</dataTypeSize>
<ownDataTypeParameters>100 CHAR,,</ownDataTypeParameters>
</Attribute>
<Attribute name="modelo" id="38C12D43-D1F7-9B3A-D3EA-130FDEEA9271">
<createdBy>morim</createdBy>
<createdTime>2026-01-19 18:52:47 UTC</createdTime>
<ownerDesignName>Exp2_Grupo12</ownerDesignName>
<engineerTo>
<item key="E1EA19B4-2C04-0FDA-2931-5428C01785BD" value="true"/>
</engineerTo>
<useDomainConstraints>false</useDomainConstraints>
<use>1</use>
<logicalDatatype>LOGDT024</logicalDatatype>
<dataTypeSize>500 CHAR</dataTypeSize>
<ownDataTypeParameters>500 CHAR,,</ownDataTypeParameters>
</Attribute>
<Attribute name="capacidad" id="FB35BAEC-78A7-A293-B203-9EE000DE703C">
<createdBy>morim</createdBy>
<createdTime>2026-01-19 18:53:14 UTC</createdTime>
<ownerDesignName>Exp2_Grupo12</ownerDesignName>
<engineerTo>
<item key="E1EA19B4-2C04-0FDA-2931-5428C01785BD" value="true"/>
</engineerTo>
<useDomainConstraints>false</useDomainConstraints>
<use>1</use>
<logicalDatatype>LOGDT024</logicalDatatype>
<dataTypeSize>800 CHAR</dataTypeSize>
<ownDataTypeParameters>800 CHAR,,</ownDataTypeParameters>
</Attribute>
<Attribute name="nombre" id="88923A17-E528-A98F-CF0B-CAFEE173F013">
<createdBy>morim</createdBy>
<createdTime>2026-01-19 19:50:56 UTC</createdTime>
<generatorID>C6567774-FD22-09DA-BA3E-8851F3CA0E67</generatorID>
<ownerDesignName>Exp2_Grupo12</ownerDesignName>
<engineerTo>
<item key="E1EA19B4-2C04-0FDA-2931-5428C01785BD" value="true"/>
</engineerTo>
<referedAttribute>551F526F-CEB1-F5D7-8EA5-B71AB0846998</referedAttribute>
<useDomainConstraints>false</useDomainConstraints>
<use>1</use>
<logicalDatatype>LOGDT024</logicalDatatype>
<dataTypeSize>500</dataTypeSize>
<ownDataTypeParameters>,,</ownDataTypeParameters>
</Attribute>
</attributes>
<identifiers itemClass="oracle.dbtools.crest.model.design.logical.CandidateKey">
<identifier id="AB9BA13A-96BA-FFA8-D981-6667D814E1E5" name="AVION PK">
<createdBy>morim</createdBy>
<createdTime>2026-01-19 18:51:20 UTC</createdTime>
<ownerDesignName>Exp2_Grupo12</ownerDesignName>
<engineerTo>
<item key="E1EA19B4-2C04-0FDA-2931-5428C01785BD" value="true"/>
</engineerTo>
<pk>true</pk>
<usedAttributes>
<attributeRef>0C922B79-8D7F-4E37-FFCA-C2F1CB0677BE</attributeRef>
</usedAttributes>
</identifier>
</identifiers>
</Entity>