<?xml version = '1.0' encoding = 'UTF-8'?>
<Entity class="oracle.dbtools.crest.model.design.logical.Entity" directorySegmentName="seg_0" id="9D379D8C-E0ED-3B4F-ED43-A10BF63778D4" name="PILOTO">
<createdBy>morim</createdBy>
<createdTime>2026-01-19 19:29:55 UTC</createdTime>
<ownerDesignName>Exp2_Grupo12</ownerDesignName>
<engineerTo>
<item key="E1EA19B4-2C04-0FDA-2931-5428C01785BD" value="true"/>
</engineerTo>
<adequatelyNormalized>NO</adequatelyNormalized>
<expectedVolumes>0</expectedVolumes>
<fwdEngineeringStrategyName>Single Table</fwdEngineeringStrategyName>
<growthPercent>0</growthPercent>
<growthType>Year</growthType>
<maxVolumes>9999999</maxVolumes>
<minVolumes>0</minVolumes>
<normalForm>Third</normalForm>
<attributes itemClass="oracle.dbtools.crest.model.design.logical.Attribute">
<Attribute name="horas_vuelo" id="F9A60CA8-5256-F1F3-40B1-E733BF3C008A">
<createdBy>morim</createdBy>
<createdTime>2026-01-19 19:30:33 UTC</createdTime>
<ownerDesignName>Exp2_Grupo12</ownerDesignName>
<engineerTo>
<item key="E1EA19B4-2C04-0FDA-2931-5428C01785BD" value="true"/>
</engineerTo>
<useDomainConstraints>false</useDomainConstraints>
<use>1</use>
<logicalDatatype>LOGDT011</logicalDatatype>
<ownDataTypeParameters>,,</ownDataTypeParameters>
</Attribute>
<Attribute name="rut" id="9AA4D325-FA35-EF33-E433-B4E58ED892EF">
<createdBy>morim</createdBy>
<createdTime>2026-01-19 19:54:41 UTC</createdTime>
<generatorID>14268EC3-B533-2326-F72D-82D933F41EB2</generatorID>
<ownerDesignName>Exp2_Grupo12</ownerDesignName>
<engineerTo>
<item key="E1EA19B4-2C04-0FDA-2931-5428C01785BD" value="true"/>
</engineerTo>
<referedAttribute>26AE4ABE-DCB1-0D07-505D-193DCE0C2AA1</referedAttribute>
<useDomainConstraints>false</useDomainConstraints>
<use>1</use>
<logicalDatatype>LOGDT024</logicalDatatype>
<dataTypeSize>12 CHAR</dataTypeSize>
<ownDataTypeParameters>,,</ownDataTypeParameters>
</Attribute>
<Attribute name="matricula_avion" id="EA3AAD29-569B-8E2B-AD59-0352BBEA41B6">
<createdBy>morim</createdBy>
<createdTime>2026-01-19 19:59:27 UTC</createdTime>
<generatorID>4859EC69-2A4A-943E-2287-6AE8F261536B</generatorID>
<ownerDesignName>Exp2_Grupo12</ownerDesignName>
<engineerTo>
<item key="E1EA19B4-2C04-0FDA-2931-5428C01785BD" value="true"/>
</engineerTo>
<referedAttribute>0C922B79-8D7F-4E37-FFCA-C2F1CB0677BE</referedAttribute>
<useDomainConstraints>false</useDomainConstraints>
<use>1</use>
<logicalDatatype>LOGDT011</logicalDatatype>
<ownDataTypeParameters>,,</ownDataTypeParameters>
</Attribute>
</attributes>
</Entity>