<?xml version = '1.0' encoding = 'UTF-8'?>
<Entity class="oracle.dbtools.crest.model.design.logical.Entity" directorySegmentName="seg_0" id="FA650A20-2464-DAC5-24DC-E99A93E3F2E0" name="ADMINISTRATIVO">
<createdBy>morim</createdBy>
<createdTime>2026-01-19 19:31:16 UTC</createdTime>
<ownerDesignName>Exp2_Grupo12</ownerDesignName>
<engineerTo>
<item key="E1EA19B4-2C04-0FDA-2931-5428C01785BD" value="true"/>
</engineerTo>
<adequatelyNormalized>NO</adequatelyNormalized>
<expectedVolumes>0</expectedVolumes>
<fwdEngineeringStrategyName>Single Table</fwdEngineeringStrategyName>
<growthPercent>0</growthPercent>
<growthType>Year</growthType>
<maxVolumes>9999999</maxVolumes>
<minVolumes>0</minVolumes>
<normalForm>Third</normalForm>
<attributes itemClass="oracle.dbtools.crest.model.design.logical.Attribute">
<Attribute name="horas_extras" id="6FC4E62D-24DF-C3BD-35C0-33B1D3384D76">
<createdBy>morim</createdBy>
<createdTime>2026-01-19 19:32:41 UTC</createdTime>
<ownerDesignName>Exp2_Grupo12</ownerDesignName>
<engineerTo>
<item key="E1EA19B4-2C04-0FDA-2931-5428C01785BD" value="true"/>
</engineerTo>
<useDomainConstraints>false</useDomainConstraints>
<use>1</use>
<logicalDatatype>LOGDT024</logicalDatatype>
<dataTypeSize>500 CHAR</dataTypeSize>
<ownDataTypeParameters>500 CHAR,,</ownDataTypeParameters>
</Attribute>
<Attribute name="rut" id="91F8359F-CFF8-3866-9AA6-3553C45002EA">
<createdBy>morim</createdBy>
<createdTime>2026-01-19 19:55:03 UTC</createdTime>
<generatorID>6C3699AE-0594-DFC3-2601-564D0CC10FEC</generatorID>
<ownerDesignName>Exp2_Grupo12</ownerDesignName>
<engineerTo>
<item key="E1EA19B4-2C04-0FDA-2931-5428C01785BD" value="true"/>
</engineerTo>
<referedAttribute>26AE4ABE-DCB1-0D07-505D-193DCE0C2AA1</referedAttribute>
<useDomainConstraints>false</useDomainConstraints>
<use>1</use>
<logicalDatatype>LOGDT024</logicalDatatype>
<dataTypeSize>12 CHAR</dataTypeSize>
<ownDataTypeParameters>,,</ownDataTypeParameters>
</Attribute>
</attributes>
</Entity>