<?xml version = '1.0' encoding = 'UTF-8'?>
<Diagram class="oracle.dbtools.crest.swingui.logical.DPVLogical" name="Logical" id="B308B899-FB02-744E-B40D-D2F5267E8902">
<createdBy>morim</createdBy>
<modifiedBy>morim</modifiedBy>
<createdTime>2026-01-19 18:50:22 UTC</createdTime>
<autoRoute>false</autoRoute>
<boxInbox>true</boxInbox>
<showLegend>false</showLegend>
<showLabels>false</showLabels>
<showRelAttributes>false</showRelAttributes>
<gridEnabled>false</gridEnabled>
<showGrid>false</showGrid>
<diagramColor>-1</diagramColor>
<display>false</display>
<notation>0</notation>
<objectViews>
<OView class="oracle.dbtools.crest.swingui.logical.TVEntity" oid="1E10160A-15F3-7D11-7EBD-7FC0D4BF1607" otype="Entity" vid="D191B3BB-BB50-0DBC-55AD-AB6B6999BD5B">
<hideElementsInCurrentOnly>false</hideElementsInCurrentOnly>
<bounds x="628" y="317" width="205" height="118"/>
</OView>
<OView class="oracle.dbtools.crest.swingui.logical.TVEntity" oid="4D8FDB3A-810B-EED1-D285-6B605024099E" otype="Entity" vid="1AB5B0B4-959F-088A-AB74-FCEE690541F4">
<hideElementsInCurrentOnly>false</hideElementsInCurrentOnly>
<bounds x="8" y="32" width="166" height="77"/>
</OView>
<OView class="oracle.dbtools.crest.swingui.logical.TVEntity" oid="685E2322-DEAD-5A99-C523-B4C66CFF0138" otype="Entity" vid="2E466284-FF4E-4D23-DD2B-694D244EDB50">
<hideElementsInCurrentOnly>false</hideElementsInCurrentOnly>
<bounds x="502" y="126" width="189" height="115"/>
</OView>
<OView class="oracle.dbtools.crest.swingui.logical.TVEntity" oid="719AFE6D-52E3-C42C-5B95-1C4E6E4A31FD" otype="Entity" vid="6B53CC59-D43A-02E3-3F8C-46A9696F7E3D">
<hideElementsInCurrentOnly>false</hideElementsInCurrentOnly>
<bounds x="358" y="284" width="210" height="178"/>
</OView>
<OView class="oracle.dbtools.crest.swingui.logical.TVEntity" oid="76532956-858B-64AA-CD48-6CF3682DFE28" otype="Entity" vid="3A7C3BF8-51EA-D72E-81F1-AED42129990C">
<hideElementsInCurrentOnly>false</hideElementsInCurrentOnly>
<bounds x="216" y="12" width="210" height="117"/>
</OView>
<OView class="oracle.dbtools.crest.swingui.logical.TVEntity" oid="9D379D8C-E0ED-3B4F-ED43-A10BF63778D4" otype="Entity" vid="41608D0C-9FB1-9791-0A2D-0C34C58998D9">
<hideElementsInCurrentOnly>false</hideElementsInCurrentOnly>
<bounds x="231" y="167" width="202" height="70"/>
</OView>
<OView class="oracle.dbtools.crest.swingui.logical.TVEntity" oid="A18A1DE1-D762-4BE2-0AD5-909211ADE343" otype="Entity" vid="FE916D7C-D415-A87C-DB67-06CEC9FF8AA9">
<hideElementsInCurrentOnly>false</hideElementsInCurrentOnly>
<bounds x="2" y="143" width="205" height="174"/>
</OView>
<OView class="oracle.dbtools.crest.swingui.logical.TVEntity" oid="CF8EF890-9C22-B8F3-AA9B-F0795F03612E" otype="Entity" vid="0E8902DE-24AD-4AA1-A57D-4C27C32980A9">
<hideElementsInCurrentOnly>false</hideElementsInCurrentOnly>
<bounds x="756" y="8" width="216" height="145"/>
</OView>
<OView class="oracle.dbtools.crest.swingui.logical.TVEntity" oid="FA650A20-2464-DAC5-24DC-E99A93E3F2E0" otype="Entity" vid="32B1A93F-6C9B-5149-78D5-4B7C6A21DE0C">
<hideElementsInCurrentOnly>false</hideElementsInCurrentOnly>
<bounds x="3" y="354" width="194" height="57"/>
</OView>
</objectViews>
<connectors>
<Connector class="oracle.dbtools.crest.swingui.logical.TVRelation" oid="0BF8B8C5-5DAA-F0EF-2C72-E09913D442CD" otype="Relation" vid_source="2E466284-FF4E-4D23-DD2B-694D244EDB50" vid_target="0E8902DE-24AD-4AA1-A57D-4C27C32980A9">
<hideElementsInCurrentOnly>false</hideElementsInCurrentOnly>
<backgroundColor>-16777216</backgroundColor>
<lineWidth>1</lineWidth>
<points>
<point x="691" y="139"/>
<point x="756" y="139"/>
</points>
</Connector>
<Connector class="oracle.dbtools.crest.swingui.logical.TVRelation" oid="14268EC3-B533-2326-F72D-82D933F41EB2" otype="Relation" vid_source="FE916D7C-D415-A87C-DB67-06CEC9FF8AA9" vid_target="41608D0C-9FB1-9791-0A2D-0C34C58998D9">
<hideElementsInCurrentOnly>false</hideElementsInCurrentOnly>
<backgroundColor>-16777216</backgroundColor>
<lineWidth>1</lineWidth>
<points>
<point x="207" y="217"/>
<point x="231" y="217"/>
</points>
</Connector>
<Connector class="oracle.dbtools.crest.swingui.logical.TVRelation" oid="4859EC69-2A4A-943E-2287-6AE8F261536B" otype="Relation" vid_source="41608D0C-9FB1-9791-0A2D-0C34C58998D9" vid_target="3A7C3BF8-51EA-D72E-81F1-AED42129990C">
<hideElementsInCurrentOnly>false</hideElementsInCurrentOnly>
<backgroundColor>-16777216</backgroundColor>
<lineWidth>1</lineWidth>
<points>
<point x="328" y="167"/>
<point x="328" y="129"/>
</points>
</Connector>
<Connector class="oracle.dbtools.crest.swingui.logical.TVRelation" oid="5C742E3D-98D0-B387-C882-9973619557A1" otype="Relation" vid_source="2E466284-FF4E-4D23-DD2B-694D244EDB50" vid_target="6B53CC59-D43A-02E3-3F8C-46A9696F7E3D">
<hideElementsInCurrentOnly>false</hideElementsInCurrentOnly>
<backgroundColor>-16777216</backgroundColor>
<lineWidth>1</lineWidth>
<points>
<point x="535" y="241"/>
<point x="535" y="284"/>
</points>
</Connector>
<Connector class="oracle.dbtools.crest.swingui.logical.TVRelation" oid="622B09E3-75B7-B944-D447-13273E064611" otype="Relation" vid_source="6B53CC59-D43A-02E3-3F8C-46A9696F7E3D" vid_target="D191B3BB-BB50-0DBC-55AD-AB6B6999BD5B">
<hideElementsInCurrentOnly>false</hideElementsInCurrentOnly>
<backgroundColor>-16777216</backgroundColor>
<lineWidth>1</lineWidth>
<points>
<point x="568" y="376"/>
<point x="628" y="376"/>
</points>
</Connector>
<Connector class="oracle.dbtools.crest.swingui.logical.TVRelation" oid="6C3699AE-0594-DFC3-2601-564D0CC10FEC" otype="Relation" vid_source="FE916D7C-D415-A87C-DB67-06CEC9FF8AA9" vid_target="32B1A93F-6C9B-5149-78D5-4B7C6A21DE0C">
<hideElementsInCurrentOnly>false</hideElementsInCurrentOnly>
<backgroundColor>-16777216</backgroundColor>
<lineWidth>1</lineWidth>
<points>
<point x="100" y="317"/>
<point x="100" y="354"/>
</points>
</Connector>
<Connector class="oracle.dbtools.crest.swingui.logical.TVRelation" oid="74D45C50-A51B-54D1-38C2-57E533DD07B9" otype="Relation" vid_source="6B53CC59-D43A-02E3-3F8C-46A9696F7E3D" vid_target="0E8902DE-24AD-4AA1-A57D-4C27C32980A9">
<hideElementsInCurrentOnly>false</hideElementsInCurrentOnly>
<backgroundColor>-16777216</backgroundColor>
<lineWidth>1</lineWidth>
<points>
<point x="568" y="296"/>
<point x="779" y="153"/>
</points>
</Connector>
<Connector class="oracle.dbtools.crest.swingui.logical.TVRelation" oid="AACF1287-20FA-228E-0445-F1C0DC4AADBC" otype="Relation" vid_source="32B1A93F-6C9B-5149-78D5-4B7C6A21DE0C" vid_target="6B53CC59-D43A-02E3-3F8C-46A9696F7E3D">
<hideElementsInCurrentOnly>false</hideElementsInCurrentOnly>
<backgroundColor>-16777216</backgroundColor>
<lineWidth>1</lineWidth>
<points>
<point x="197" y="382"/>
<point x="358" y="382"/>
</points>
</Connector>
<Connector class="oracle.dbtools.crest.swingui.logical.TVRelation" oid="B2D491DC-F211-DCB1-31BE-BAC0BF502BB0" otype="Relation" vid_source="1AB5B0B4-959F-088A-AB74-FCEE690541F4" vid_target="FE916D7C-D415-A87C-DB67-06CEC9FF8AA9">
<hideElementsInCurrentOnly>false</hideElementsInCurrentOnly>
<backgroundColor>-16777216</backgroundColor>
<lineWidth>1</lineWidth>
<points>
<point x="91" y="109"/>
<point x="91" y="143"/>
</points>
</Connector>
<Connector class="oracle.dbtools.crest.swingui.logical.TVRelation" oid="C6567774-FD22-09DA-BA3E-8851F3CA0E67" otype="Relation" vid_source="1AB5B0B4-959F-088A-AB74-FCEE690541F4" vid_target="3A7C3BF8-51EA-D72E-81F1-AED42129990C">
<hideElementsInCurrentOnly>false</hideElementsInCurrentOnly>
<backgroundColor>-16777216</backgroundColor>
<lineWidth>1</lineWidth>
<points>
<point x="174" y="70"/>
<point x="216" y="70"/>
</points>
</Connector>
<Connector class="oracle.dbtools.crest.swingui.logical.TVRelation" oid="CF4DC4D4-577C-0A61-292A-0F1CD759DFC5" otype="Relation" vid_source="3A7C3BF8-51EA-D72E-81F1-AED42129990C" vid_target="0E8902DE-24AD-4AA1-A57D-4C27C32980A9">
<hideElementsInCurrentOnly>false</hideElementsInCurrentOnly>
<backgroundColor>-16777216</backgroundColor>
<lineWidth>1</lineWidth>
<points>
<point x="426" y="70"/>
<point x="756" y="70"/>
</points>
</Connector>
<Connector class="oracle.dbtools.crest.swingui.logical.TVRelation" oid="EB96315E-F4F2-3335-C1FE-BF7E494B5136" otype="Relation" vid_source="32B1A93F-6C9B-5149-78D5-4B7C6A21DE0C" vid_target="2E466284-FF4E-4D23-DD2B-694D244EDB50">
<hideElementsInCurrentOnly>false</hideElementsInCurrentOnly>
<backgroundColor>-16777216</backgroundColor>
<lineWidth>1</lineWidth>
<points>
<point x="171" y="354"/>
<point x="502" y="221"/>
</points>
</Connector>
</connectors>
</Diagram>