<?xml version = '1.0' encoding = 'UTF-8'?>
<Relation class="oracle.dbtools.crest.model.design.logical.Relation" name="Relation_16" directorySegmentName="seg_0" id="0BF8B8C5-5DAA-F0EF-2C72-E09913D442CD">
<createdBy>morim</createdBy>
<createdTime>2026-01-19 20:02:12 UTC</createdTime>
<ownerDesignName>Exp2_Grupo12</ownerDesignName>
<engineerTo>
<item key="E1EA19B4-2C04-0FDA-2931-5428C01785BD" value="true"/>
</engineerTo>
<sourcePk>A8D4C55D-B9AB-0915-5983-13799B2EE595</sourcePk>
<targetPk>56A4027C-AE76-5105-F11B-6798093846C3</targetPk>
<identifying>false</identifying>
<optionalSource>true</optionalSource>
<optionalTarget>false</optionalTarget>
<sourceCardinality>*</sourceCardinality>
<sourceEntity>685E2322-DEAD-5A99-C523-B4C66CFF0138</sourceEntity>
<targetCardinalityString>1</targetCardinalityString>
<targetEntity>CF8EF890-9C22-B8F3-AA9B-F0795F03612E</targetEntity>
<transferable>true</transferable>
<deleteRule>NO ACTION</deleteRule>
</Relation>