<?xml version = '1.0' encoding = 'UTF-8'?>
<Relation class="oracle.dbtools.crest.model.design.logical.Relation" name="Relation_6" directorySegmentName="seg_0" id="14268EC3-B533-2326-F72D-82D933F41EB2">
<createdBy>morim</createdBy>
<createdTime>2026-01-19 19:54:29 UTC</createdTime>
<ownerDesignName>Exp2_Grupo12</ownerDesignName>
<engineerTo>
<item key="E1EA19B4-2C04-0FDA-2931-5428C01785BD" value="true"/>
</engineerTo>
<sourcePk>DF298650-3876-6B29-6632-F929B88F95BF</sourcePk>
<dominantRole>A18A1DE1-D762-4BE2-0AD5-909211ADE343</dominantRole>
<identifying>false</identifying>
<optionalSource>false</optionalSource>
<optionalTarget>false</optionalTarget>
<sourceCardinality>1</sourceCardinality>
<sourceEntity>A18A1DE1-D762-4BE2-0AD5-909211ADE343</sourceEntity>
<targetCardinalityString>1</targetCardinalityString>
<targetEntity>9D379D8C-E0ED-3B4F-ED43-A10BF63778D4</targetEntity>
<transferable>true</transferable>
<deleteRule>NO ACTION</deleteRule>
</Relation>