<?xml version = '1.0' encoding = 'UTF-8'?>
<Relation class="oracle.dbtools.crest.model.design.logical.Relation" name="Relation_10" directorySegmentName="seg_0" id="4859EC69-2A4A-943E-2287-6AE8F261536B">
<createdBy>morim</createdBy>
<createdTime>2026-01-19 19:59:12 UTC</createdTime>
<ownerDesignName>Exp2_Grupo12</ownerDesignName>
<engineerTo>
<item key="E1EA19B4-2C04-0FDA-2931-5428C01785BD" value="true"/>
</engineerTo>
<targetPk>AB9BA13A-96BA-FFA8-D981-6667D814E1E5</targetPk>
<identifying>false</identifying>
<optionalSource>false</optionalSource>
<optionalTarget>false</optionalTarget>
<sourceCardinality>1</sourceCardinality>
<sourceEntity>9D379D8C-E0ED-3B4F-ED43-A10BF63778D4</sourceEntity>
<targetCardinalityString>1</targetCardinalityString>
<targetEntity>76532956-858B-64AA-CD48-6CF3682DFE28</targetEntity>
<transferable>true</transferable>
<deleteRule>NO ACTION</deleteRule>
</Relation>