<?xml version = '1.0' encoding = 'UTF-8'?>
<Relation class="oracle.dbtools.crest.model.design.logical.Relation" name="Relation_18" directorySegmentName="seg_0" id="5C742E3D-98D0-B387-C882-9973619557A1">
<createdBy>morim</createdBy>
<createdTime>2026-01-19 20:05:27 UTC</createdTime>
<ownerDesignName>Exp2_Grupo12</ownerDesignName>
<engineerTo>
<item key="E1EA19B4-2C04-0FDA-2931-5428C01785BD" value="true"/>
</engineerTo>
<sourcePk>A8D4C55D-B9AB-0915-5983-13799B2EE595</sourcePk>
<targetPk>4043376C-7227-605A-4FBC-117EABC58BAC</targetPk>
<identifying>false</identifying>
<optionalSource>true</optionalSource>
<optionalTarget>false</optionalTarget>
<sourceCardinality>1</sourceCardinality>
<sourceEntity>685E2322-DEAD-5A99-C523-B4C66CFF0138</sourceEntity>
<targetCardinalityString>1</targetCardinalityString>
<targetEntity>719AFE6D-52E3-C42C-5B95-1C4E6E4A31FD</targetEntity>
<transferable>true</transferable>
<deleteRule>NO ACTION</deleteRule>
</Relation>