<?xml version = '1.0' encoding = 'UTF-8'?>
<Relation class="oracle.dbtools.crest.model.design.logical.Relation" name="Relation_8" directorySegmentName="seg_0" id="622B09E3-75B7-B944-D447-13273E064611">
<createdBy>morim</createdBy>
<createdTime>2026-01-19 19:57:20 UTC</createdTime>
<ownerDesignName>Exp2_Grupo12</ownerDesignName>
<engineerTo>
<item key="E1EA19B4-2C04-0FDA-2931-5428C01785BD" value="true"/>
</engineerTo>
<sourcePk>4043376C-7227-605A-4FBC-117EABC58BAC</sourcePk>
<identifying>false</identifying>
<optionalSource>true</optionalSource>
<optionalTarget>false</optionalTarget>
<sourceCardinality>1</sourceCardinality>
<sourceEntity>719AFE6D-52E3-C42C-5B95-1C4E6E4A31FD</sourceEntity>
<targetCardinalityString>*</targetCardinalityString>
<targetEntity>1E10160A-15F3-7D11-7EBD-7FC0D4BF1607</targetEntity>
<transferable>true</transferable>
<deleteRule>NO ACTION</deleteRule>
</Relation>