<?xml version = '1.0' encoding = 'UTF-8'?>
<Relation class="oracle.dbtools.crest.model.design.logical.Relation" name="Relation_9" directorySegmentName="seg_0" id="74D45C50-A51B-54D1-38C2-57E533DD07B9">
<createdBy>morim</createdBy>
<createdTime>2026-01-19 19:58:45 UTC</createdTime>
<ownerDesignName>Exp2_Grupo12</ownerDesignName>
<engineerTo>
<item key="E1EA19B4-2C04-0FDA-2931-5428C01785BD" value="true"/>
</engineerTo>
<targetPk>56A4027C-AE76-5105-F11B-6798093846C3</targetPk>
<identifying>false</identifying>
<optionalSource>true</optionalSource>
<optionalTarget>false</optionalTarget>
<sourceCardinality>*</sourceCardinality>
<sourceEntity>719AFE6D-52E3-C42C-5B95-1C4E6E4A31FD</sourceEntity>
<targetCardinalityString>1</targetCardinalityString>
<targetEntity>CF8EF890-9C22-B8F3-AA9B-F0795F03612E</targetEntity>
<transferable>true</transferable>
<deleteRule>NO ACTION</deleteRule>
</Relation>