<?xml version = '1.0' encoding = 'UTF-8'?>
<Relation class="oracle.dbtools.crest.model.design.logical.Relation" name="Relation_17" directorySegmentName="seg_0" id="AACF1287-20FA-228E-0445-F1C0DC4AADBC">
<createdBy>morim</createdBy>
<createdTime>2026-01-19 20:04:12 UTC</createdTime>
<ownerDesignName>Exp2_Grupo12</ownerDesignName>
<engineerTo>
<item key="E1EA19B4-2C04-0FDA-2931-5428C01785BD" value="true"/>
</engineerTo>
<identifying>false</identifying>
<optionalSource>false</optionalSource>
<optionalTarget>false</optionalTarget>
<sourceCardinality>1</sourceCardinality>
<sourceEntity>FA650A20-2464-DAC5-24DC-E99A93E3F2E0</sourceEntity>
<targetCardinalityString>*</targetCardinalityString>
<targetEntity>719AFE6D-52E3-C42C-5B95-1C4E6E4A31FD</targetEntity>
<transferable>true</transferable>
<deleteRule>NO ACTION</deleteRule>
</Relation>