<?xml version = '1.0' encoding = 'UTF-8'?>
<Relation class="oracle.dbtools.crest.model.design.logical.Relation" name="Relation_4" directorySegmentName="seg_0" id="B2D491DC-F211-DCB1-31BE-BAC0BF502BB0">
<createdBy>morim</createdBy>
<createdTime>2026-01-19 19:52:40 UTC</createdTime>
<ownerDesignName>Exp2_Grupo12</ownerDesignName>
<engineerTo>
<item key="E1EA19B4-2C04-0FDA-2931-5428C01785BD" value="true"/>
</engineerTo>
<sourcePk>4BC77E9E-8676-2A81-BD4A-924FB3FA1407</sourcePk>
<targetPk>DF298650-3876-6B29-6632-F929B88F95BF</targetPk>
<identifying>false</identifying>
<nameOnSource>tiene</nameOnSource>
<nameOnTarget>trabajan para</nameOnTarget>
<optionalSource>true</optionalSource>
<optionalTarget>false</optionalTarget>
<sourceCardinality>1</sourceCardinality>
<sourceEntity>4D8FDB3A-810B-EED1-D285-6B605024099E</sourceEntity>
<targetCardinalityString>*</targetCardinalityString>
<targetEntity>A18A1DE1-D762-4BE2-0AD5-909211ADE343</targetEntity>
<transferable>true</transferable>
<deleteRule>NO ACTION</deleteRule>
</Relation>