<?xml version = '1.0' encoding = 'UTF-8'?>
<Relation class="oracle.dbtools.crest.model.design.logical.Relation" name="re_linea" directorySegmentName="seg_0" id="C6567774-FD22-09DA-BA3E-8851F3CA0E67">
<createdBy>morim</createdBy>
<createdTime>2026-01-19 19:47:54 UTC</createdTime>
<ownerDesignName>Exp2_Grupo12</ownerDesignName>
<engineerTo>
<item key="E1EA19B4-2C04-0FDA-2931-5428C01785BD" value="true"/>
</engineerTo>
<sourcePk>4BC77E9E-8676-2A81-BD4A-924FB3FA1407</sourcePk>
<identifying>false</identifying>
<nameOnSource>dispone</nameOnSource>
<nameOnTarget>pertenece</nameOnTarget>
<optionalSource>true</optionalSource>
<optionalTarget>false</optionalTarget>
<sourceCardinality>1</sourceCardinality>
<sourceEntity>4D8FDB3A-810B-EED1-D285-6B605024099E</sourceEntity>
<targetCardinalityString>*</targetCardinalityString>
<targetEntity>76532956-858B-64AA-CD48-6CF3682DFE28</targetEntity>
<transferable>true</transferable>
<deleteRule>NO ACTION</deleteRule>
</Relation>