<?xml version = '1.0' encoding = 'UTF-8'?>
<Relation class="oracle.dbtools.crest.model.design.logical.Relation" name="Relation_11" directorySegmentName="seg_0" id="CF4DC4D4-577C-0A61-292A-0F1CD759DFC5">
<createdBy>morim</createdBy>
<createdTime>2026-01-19 20:00:05 UTC</createdTime>
<ownerDesignName>Exp2_Grupo12</ownerDesignName>
<engineerTo>
<item key="E1EA19B4-2C04-0FDA-2931-5428C01785BD" value="true"/>
</engineerTo>
<sourcePk>AB9BA13A-96BA-FFA8-D981-6667D814E1E5</sourcePk>
<targetPk>56A4027C-AE76-5105-F11B-6798093846C3</targetPk>
<identifying>false</identifying>
<optionalSource>true</optionalSource>
<optionalTarget>false</optionalTarget>
<sourceCardinality>1</sourceCardinality>
<sourceEntity>76532956-858B-64AA-CD48-6CF3682DFE28</sourceEntity>
<targetCardinalityString>*</targetCardinalityString>
<targetEntity>CF8EF890-9C22-B8F3-AA9B-F0795F03612E</targetEntity>
<transferable>true</transferable>
<deleteRule>NO ACTION</deleteRule>
</Relation>