<?xml version = '1.0' encoding = 'UTF-8'?>
<Relation class="oracle.dbtools.crest.model.design.logical.Relation" name="Relation_19" directorySegmentName="seg_0" id="EB96315E-F4F2-3335-C1FE-BF7E494B5136">
<createdBy>morim</createdBy>
<createdTime>2026-01-19 20:08:01 UTC</createdTime>
<ownerDesignName>Exp2_Grupo12</ownerDesignName>
<engineerTo>
<item key="E1EA19B4-2C04-0FDA-2931-5428C01785BD" value="true"/>
</engineerTo>
<targetPk>A8D4C55D-B9AB-0915-5983-13799B2EE595</targetPk>
<identifying>false</identifying>
<optionalSource>true</optionalSource>
<optionalTarget>false</optionalTarget>
<sourceCardinality>1</sourceCardinality>
<sourceEntity>FA650A20-2464-DAC5-24DC-E99A93E3F2E0</sourceEntity>
<targetCardinalityString>1</targetCardinalityString>
<targetEntity>685E2322-DEAD-5A99-C523-B4C66CFF0138</targetEntity>
<transferable>true</transferable>
<deleteRule>NO ACTION</deleteRule>
</Relation>